<?xml version="1.0" encoding="UTF-8"?>
<project-private xmlns="http://www.netbeans.org/ns/project-private/1">
    <editor-bookmarks xmlns="http://www.netbeans.org/ns/editor-bookmarks/2" lastBookmarkId="0"/>
    <open-files xmlns="http://www.netbeans.org/ns/projectui-open-files/2">
        <group>
            <file>file:/D:/Assignments%20Work/Assignment%20Work%202019/February/Nerdy/JavaGameBag/Game/src/baghchal/logic/BaghChalI.java</file>
            <file>file:/D:/Assignments%20Work/Assignment%20Work%202019/February/Nerdy/JavaGameBag/Game/src/GameMain.java</file>
            <file>file:/D:/Assignments%20Work/Assignment%20Work%202019/February/Nerdy/JavaGameBag/Game/src/baghchal/logic/Player.java</file>
            <file>file:/D:/Assignments%20Work/Assignment%20Work%202019/February/Nerdy/JavaGameBag/Game/src/baghchal/gui/GameStatesMap.java</file>
            <file>file:/D:/Assignments%20Work/Assignment%20Work%202019/February/Nerdy/JavaGameBag/Game/src/baghchal/logic/BaghChal.java</file>
            <file>file:/D:/Assignments%20Work/Assignment%20Work%202019/February/Nerdy/JavaGameBag/Game/src/baghchal/logic/Selection.java</file>
            <file>file:/D:/Assignments%20Work/Assignment%20Work%202019/February/Nerdy/JavaGameBag/Game/src/baghchal/gui/PlayerImages.java</file>
        </group>
    </open-files>
</project-private>
